Country_Name,Country_Code,Series_Code,YR1990,YR2000,YR2006,YR2007,YR2008,YR2009,YR2010,YR2011,YR2012,YR2013,YR2014,YR2015
United States,USA,SP-POP-TOTL,249623000,282162411,298379912,301231207,304093966,306771529,309347057,311721632,314112078,316497531,318857056,321191000
United States,USA,SP-POP-GROW,1.12965052,1.112768997,0.964253917,0.951055243,0.945865287,0.876651299,0.836054312,0.764677599,0.76392741,0.756558208,0.742746144,0
United States,USA,AG-SRF-TOTL-K2,9629090,9632030,9632030,9632030,9831510,9831510,9831510,9831510,9831510,9831510,9831510,9831510
United States,USA,EN-POP-DNST,27.25451361,30.79730133,32.56739985,32.87861136,33.24368685,33.53639923,33.81795709,34.07754667,34.33887129,34.59965007,34.85759438,0
United States,USA,SI-POV-NAHC,0,0,0,0,0,0,0,0,0,0,0,0
United States,USA,SI-POV-DDAY,0,0,0,0,0,0,0,0,0,0,0,0
United States,USA,NY-GNP-ATLS-CD,6.03E+12,1.02E+13,1.43E+13,1.47E+13,1.50E+13,1.47E+13,1.51E+13,1.57E+13,1.65E+13,1.70E+13,1.76E+13,0
United States,USA,NY-GNP-PCAP-CD,24150,36070,48080,48640,49330,48050,48950,50450,52530,53720,55230,0
United States,USA,NY-GNP-MKTP-PP-CD,5.92E+12,1.04E+13,1.41E+13,1.46E+13,1.48E+13,1.45E+13,1.51E+13,1.58E+13,1.66E+13,1.71E+13,1.78E+13,0
United States,USA,NY-GNP-PCAP-PP-CD,23730,36930,47390,48420,48640,47250,48880,50700,52830,54000,55900,0
United States,USA,SI-DST-FRST-20,0,5.37,0,4.67,0,0,5.09,0,0,5.1,0,0
United States,USA,SP-DYN-LE00-IN,75.21463415,76.63658537,77.68780488,77.98780488,78.03902439,78.3902439,78.54146341,78.64146341,78.74146341,78.84146341,78.94146341,79.15836585
United States,USA,SP-DYN-TFRT-IN,2.081,2.056,2.108,2.12,2.072,2.002,1.931,1.8945,1.8805,1.8575,1.8615,1.881
United States,USA,SP-ADO-TFRT,57.0788,46.4526,40.3754,39.669,37.7398,35.8106,33.8814,31.9522,30.023,27.0666,24.1102,0
United States,USA,SP-DYN-CONU-ZS,70.7,0,0,0,77.1,0,76.4,0,0,0,0,0
United States,USA,SH-STA-BRTC-ZS,0,0,0,0,0,0,99.2,0,0,0,0,0
United States,USA,SH-DYN-MORT,11.2,8.4,7.9,7.8,7.7,7.5,7.4,7.2,7.1,6.9,6.7,6.5
United States,USA,SH-STA-MALN-ZS,0,0,0,0,0,0.800000012,0,0,0.5,0,0,0
United States,USA,SH-IMM-MEAS,90,91,92,92,92,90,92,92,92,91,91,0
United States,USA,SE-PRM-CMPT-ZS,0,0,0,0,0,0,0,0,0,0,0,0
United States,USA,SE-PRM-ENRR,105.16212,102.52357,101.59885,102.7861,103.38163,102.33552,100.60182,99.89648,99.56441,99.42177,0,0
United States,USA,SE-SEC-ENRR,91.00752,93.17204,95.40375,96.07394,95.97542,95.41825,94.31131,94.67605,94.98032,95.92958,0,0
United States,USA,SE-ENR-PRSC-FM-ZS,1.00497,1.00012,1.00745,1.00754,1.00381,1.01385,1.00479,1.00869,0.9984,0.99954,0,0
United States,USA,SH-DYN-AIDS-ZS,0,0,0,0,0,0,0,0,0,0,0,0
United States,USA,AG-LND-FRST-K2,3024500,3035360,3055496,3063422,3071348,3079274,3087200,3089950,3092700,3095450,3098200,3100950
United States,USA,ER-PTD-TOTL-ZS,10.45,11.86,0,0,0,0,0,0,0,0,14.82,0
United States,USA,ER-H2O-FWTL-ZS,0,0,0,16.97657913,0,0,0,0,0,0,16.97657913,0
United States,USA,SH-H2O-SAFE-ZS,98.4,98.8,99,99,99,99.1,99.1,99.1,99.1,99.2,99.2,99.2
United States,USA,SH-STA-ACSN,99.5,99.7,99.9,99.9,99.9,99.9,99.9,100,100,100,100,100
United States,USA,SP-URB-GROW,1.410256285,1.512011391,1.17796816,1.163067761,1.156185671,1.085290294,1.041782463,0.972454438,0.971273344,0.96470557,0.951688921,0
United States,USA,EG-USE-PCAP-KG-OE,7671.773066,8056.86385,7697.652535,7758.1657,7488.081638,7056.777215,7161.512598,7029.184189,6812.284544,6914.312185,6918.518535,0
United States,USA,EN-ATM-CO2E-PC,19.32336817,20.20761476,19.11613882,19.23746045,18.48923375,17.1923791,17.48479218,17.02021634,0,0,0,0
United States,USA,EG-USE-ELEC-KH-PC,11713.3317,13671.05202,13583.26696,13657.44951,13663.42468,12913.71143,13394.01461,13240.35799,12954.15326,12985.37776,0,0
United States,USA,NY-GDP-MKTP-CD,5.98E+12,1.03E+13,1.39E+13,1.45E+13,1.47E+13,1.44E+13,1.50E+13,1.55E+13,1.62E+13,1.68E+13,1.74E+13,0
United States,USA,NY-GDP-MKTP-KD-ZG,1.919370297,4.092176449,2.666625826,1.77857024,-0.291621459,-2.775529574,2.531920616,1.601454672,2.32108446,2.219308025,2.3882,0
United States,USA,NY-GDP-DEFL-KD-ZG,3.699156703,2.275519805,3.072266625,2.661336394,1.961612383,0.759434764,1.221349397,2.064627467,1.795225175,1.490053869,1.459022319,0
United States,USA,NV-AGR-TOTL-ZS,0,1.174020704,1.043606049,1.070734297,1.14088013,1.041733964,1.163364468,1.362335156,1.29263554,1.445788947,0,0
United States,USA,NV-IND-TOTL-ZS,0,23.21464983,22.37525561,22.18859827,21.63655997,20.1505932,20.32944352,20.55663394,20.56030642,20.50203463,0,0
United States,USA,NV-SRV-TETC-ZS,0,75.61132946,76.58113835,76.74066743,77.2225599,78.80767283,78.50719202,78.0810309,78.14705804,78.05217643,0,0
United States,USA,NE-EXP-GNFS-ZS,9.229296529,10.66464335,10.65479167,11.49790694,12.51439847,11.01165643,12.37830094,13.57379201,13.59995553,13.497415,13.44451461,0
United States,USA,NE-IMP-GNFS-ZS,10.53130909,14.3185381,16.21883058,16.46102419,17.42701165,13.75417087,15.80415135,17.31137267,17.09965404,16.52936808,16.48716918,0
United States,USA,NE-GDI-TOTL-ZS,21.46999401,23.5689255,23.33301482,22.35135297,20.78624354,17.512933,18.39459751,18.54475592,19.34114484,19.42563576,19.83983007,0
United States,USA,GC-REV-XGRT-GD-ZS,18.15576314,20.50846244,18.5374615,18.61395166,17.26334854,15.66093948,10.01284919,10.90993088,11.03869677,12.3899179,19.12750499,0
United States,USA,GC-BAL-CASH-GD-ZS,-3.656437653,2.226299465,-3.511222336,-3.861078943,-6.787044958,-11.80427765,-6.828639384,-5.335010619,-3.780900985,-1.419669893,-5.065021188,0
United States,USA,IC-REG-DURS,0,0,0,0,0,0,0,0,0,6.2,5.6,5.6
United States,USA,FS-AST-DOMS-GD-ZS,145.2207504,190.9622749,226.3222905,235.7176612,216.7628909,231.3607398,227.1341493,227.2232744,235.0540843,0,253.5017183,0
United States,USA,GC-TAX-TOTL-GD-ZS,10.43650335,12.92813409,11.44856295,11.49075758,10.03044966,8.214033407,8.610805719,9.589084263,9.816299513,10.533143,11.74263732,0
United States,USA,MS-MIL-XPND-GD-ZS,5.120251576,2.933432016,3.808200528,3.847044079,4.220046469,4.636792441,4.665615102,4.583975977,4.236672066,3.815016568,3.501429474,0
United States,USA,IT-CEL-SETS-P2,2.075802366,38.46809105,76.29353842,82.06414479,85.20916517,88.62364611,91.31165202,94.44042596,96.01037609,97.07773939,110.2041935,0
United States,USA,IT-NET-USER-P2,0.784728502,43.07916264,68.93119327,75,74,71,71.69,69.72946076,79.3,84.2,87.36,0
United States,USA,TX-VAL-TECH-MF-ZS,32.52996733,33.78761058,30.05699929,27.2226646,25.92033217,21.48768979,19.96801385,18.10568304,17.77688509,17.81869687,18.22938292,0
United States,USA,IQ-SCI-OVRL,0,0,0,0,0,0,0,0,0,0,0,0
United States,USA,TG-VAL-TOTL-GD-ZS,15.22812019,19.8469797,21.24760246,21.88618514,23.48683521,18.45749965,21.70274102,24.15614036,24.01898824,23.31011716,23.15333213,0
United States,USA,TT-PRI-MRCH-XD-WD,102.7027027,100,95.95428519,96.56173695,91.81235759,98.95343627,97.10804092,94.61256811,94.68673588,95.33874813,95.88623618,0
United States,USA,DT-DOD-DECT-CD,0,0,0,0,0,0,0,0,0,0,0,0
United States,USA,DT-TDS-DECT-EX-ZS,0,0,0,0,0,0,0,0,0,0,0,0
United States,USA,SM-POP-NETM,0,0,0,5070253,0,0,0,0,5007887,0,0,0
United States,USA,BX-TRF-PWKR-CD-DT,1170000000,4395000000,5068000000,5219000000,5364000000,5740000000,5930000000,6104000000,6303000000,6757000000,6908000000,0
United States,USA,BX-KLT-DINV-CD-WD,48490000000,3.21E+11,2.94E+11,3.40E+11,3.33E+11,1.54E+11,2.59E+11,2.57E+11,2.32E+11,2.87E+11,1.32E+11,0
United States,USA,DT-ODA-ALLD-CD,0,0,0,0,0,0,0,0,0,0,0,0
Argentina,ARG,SP-POP-TOTL,32729740,37057453,39558750,39969903,40381860,40798641,41222875,41655616,42095224,42538304,42980026,43417000
Argentina,ARG,SP-POP-GROW,1.434575571,1.110916205,1.050166529,1.033983722,1.025392833,1.02680978,1.034454869,1.044287673,1.049809261,1.047065055,1.033055553,0
Argentina,ARG,AG-SRF-TOTL-K2,2780400,2780400,2780400,2780400,2780400,2780400,2780400,2780400,2780400,2780400,2780400,2780400
Argentina,ARG,EN-POP-DNST,11.95960814,13.54097578,14.45496202,14.60519935,14.75573046,14.90802429,15.06304148,15.22116718,15.3818021,15.54370572,15.70511311,0
Argentina,ARG,SI-POV-NAHC,0,0,0,0,0,0,0,0,0,0,0,0
Argentina,ARG,SI-POV-DDAY,0,5.7,4.12,3.49,2.97,3.05,2.05,1.53,1.63,1.75,0,0
Argentina,ARG,NY-GNP-ATLS-CD,1.04E+11,2.76E+11,2.43E+11,2.92E+11,3.46E+11,3.74E+11,4.32E+11,4.93E+11,5.50E+11,6.00E+11,5.79E+11,0
Argentina,ARG,NY-GNP-PCAP-CD,3170,7440,6150,7310,8570,9160,10490,11840,13060,14110,13480,0
Argentina,ARG,NY-GNP-MKTP-PP-CD,0,0,0,0,0,0,0,0,0,0,0,0
Argentina,ARG,NY-GNP-PCAP-PP-CD,0,0,0,0,0,0,0,0,0,0,0,0
Argentina,ARG,SI-DST-FRST-20,0,3.19,3.58,3.86,3.93,3.93,4.36,4.58,4.73,4.75,0,0
Argentina,ARG,SP-DYN-LE00-IN,71.54365854,73.75580488,74.84990244,75.00904878,75.16626829,75.32456098,75.48497561,75.64904878,75.8162439,75.98609756,76.15860976,76.33421951
Argentina,ARG,SP-DYN-TFRT-IN,2.989,2.561,2.432,2.413,2.396,2.382,2.37,2.358,2.347,2.335,2.322,2.308
Argentina,ARG,SP-ADO-TFRT,73.2812,66.8976,61.4612,60.586,61.264,61.942,62.62,63.298,63.976,63.9136,63.8512,0
Argentina,ARG,SP-DYN-CONU-ZS,0,0,0,0,0,0,0,0,55.4,76.6,0,0
Argentina,ARG,SH-STA-BRTC-ZS,0,0,99.4,99.4,94.8,97.9,94.97,97.14,98.2,97.04,0,0
Argentina,ARG,SH-DYN-MORT,27.6,20.2,16.4,15.8,15.4,15,14.6,14.2,13.8,13.3,12.9,12.5
Argentina,ARG,SH-STA-MALN-ZS,0,0,0,0,0,0,0,0,0,0,0,0
Argentina,ARG,SH-IMM-MEAS,93,91,97,94,96,99,98,95,94,94,95,0
Argentina,ARG,SE-PRM-CMPT-ZS,0,98.49374,99.1302,101.84921,105.08731,104.98727,104.80879,104.41399,103.22477,100.87737,0,0
Argentina,ARG,SE-PRM-ENRR,106.56157,113.21109,112.98489,113.29078,113.21364,112.02405,110.83512,108.3549,112.97826,110.56599,0,0
Argentina,ARG,SE-SEC-ENRR,71.15185,86.39855,83.90087,83.75379,84.84822,87.53422,89.24981,90.67163,105.19255,106.32314,0,0
Argentina,ARG,SE-ENR-PRSC-FM-ZS,0,1.00814,1.04089,1.04552,1.0511,1.04461,1.03869,1.0393,1.03367,1.03008,0,0
Argentina,ARG,SH-DYN-AIDS-ZS,0.1,0.3,0.4,0.4,0.4,0.4,0.4,0.5,0.5,0.5,0.5,0
Argentina,ARG,AG-LND-FRST-K2,347930,318600,298680,295500,292320,289140,285960,282992,280024,277056,274088,271120
Argentina,ARG,ER-PTD-TOTL-ZS,3.25,4.28,0,0,0,0,0,0,0,0,5.37,0
Argentina,ARG,ER-H2O-FWTL-ZS,0,0,0,0,0,0,0,0,12.93835616,0,12.93835616,0
Argentina,ARG,SH-H2O-SAFE-ZS,93.8,96.3,97.5,97.7,97.9,98.1,98.2,98.4,98.6,98.8,98.9,99.1
Argentina,ARG,SH-STA-ACSN,87.4,91.4,93.5,93.9,94.2,94.5,94.9,95.2,95.5,95.8,96.1,96.4
Argentina,ARG,SP-URB-GROW,1.862004093,1.324287482,1.251995922,1.232091566,1.220899532,1.217530867,1.2226131,1.227706938,1.227413032,1.218887275,1.199124367,0
Argentina,ARG,EG-USE-PCAP-KG-OE,1407.564374,1661.605508,1841.985806,1846.936756,1924.372627,1852.323145,1909.725704,1918.506379,1906.629811,1894.617872,0,0
Argentina,ARG,EN-ATM-CO2E-PC,3.440710803,3.806975725,4.404525042,4.496833655,4.744178401,4.427960113,4.342272052,4.562048512,0,0,0,0
Argentina,ARG,EG-USE-ELEC-KH-PC,1299.552028,2078.286384,2357.96126,2438.009419,2752.126821,2708.987292,2847.326879,2901.361487,2954.539451,3093.353228,0,0
Argentina,ARG,NY-GDP-MKTP-CD,1.41E+11,2.84E+11,2.63E+11,3.29E+11,4.04E+11,3.77E+11,4.62E+11,5.58E+11,6.04E+11,6.14E+11,5.38E+11,0
Argentina,ARG,NY-GDP-MKTP-KD-ZG,-2.398959219,-0.788998929,8.402868566,7.965573248,3.074945503,0.050024456,9.451578331,8.386451456,0.801760179,2.885351883,0.453605479,0
Argentina,ARG,NY-GDP-DEFL-KD-ZG,2076.793473,1.03728709,15.24243341,17.67892097,21.2456715,9.885040853,17.21057247,17.797686,18.66644799,19.71247141,29.3413646,0
Argentina,ARG,NV-AGR-TOTL-ZS,8.123676208,5.053021489,7.697516626,8.781106928,7.22788616,6.234805271,8.175131609,7.49246451,6.697421299,7.384589968,8.313524048,0
Argentina,ARG,NV-IND-TOTL-ZS,36.02188135,28.06306542,35.11182878,33.60564632,33.11908251,31.73528638,30.90400094,31.12764498,29.78948299,28.78626226,28.76134737,0
Argentina,ARG,NV-SRV-TETC-ZS,55.85444764,66.8839131,57.19065459,57.61324675,59.65303124,62.02990835,60.92086726,61.37989041,63.51309571,63.82914774,62.92512859,0
Argentina,ARG,NE-EXP-GNFS-ZS,10.35953659,10.9863962,20.34173038,19.75287933,19.72910192,17.26513592,17.36763756,17.56371621,15.48030963,14.32399611,14.7857288,0
Argentina,ARG,NE-IMP-GNFS-ZS,4.631322407,11.63610614,15.55259397,16.10875016,16.54135333,12.91768983,14.84474035,16.00784378,13.71601344,14.39584912,14.49185135,0
Argentina,ARG,NE-GDI-TOTL-ZS,13.99698158,16.19269626,20.88928325,22.24940016,21.02331599,16.14726763,19.09789257,19.73720312,17.00863499,18.54805856,19.54337049,0
Argentina,ARG,GC-REV-XGRT-GD-ZS,0,0,0,0,0,0,0,0,0,0,0,0
Argentina,ARG,GC-BAL-CASH-GD-ZS,0,0,0,0,0,0,0,0,0,0,0,0
Argentina,ARG,IC-REG-DURS,0,0,30,30,30.5,25.5,25,25,25,25,25,25
Argentina,ARG,FS-AST-DOMS-GD-ZS,32.42070777,34.45169202,24.9396558,22.55463468,19.66499075,22.68934256,23.24638074,24.94366481,29.18858186,32.61808337,35.62444393,0
Argentina,ARG,GC-TAX-TOTL-GD-ZS,0,0,0,0,0,0,0,0,0,0,0,0
Argentina,ARG,MS-MIL-XPND-GD-ZS,1.450915541,1.148823687,0.697879247,0.691981965,0.682994135,0.783761712,0.747778636,0.720326046,0.748596482,0.823482589,0.908535413,0
Argentina,ARG,IT-CEL-SETS-P2,0.036781751,17.58105905,80.81882641,102.7215283,117.2211834,131.1294492,141.383022,149.0906224,156.564756,162.5274217,158.7985611,0
Argentina,ARG,IT-NET-USER-P2,0,7.038683086,20.9272021,25.94663294,28.11262348,34,45,51,55.8,59.9,64.7,0
Argentina,ARG,TX-VAL-TECH-MF-ZS,0,9.351856306,7.05418222,6.594450291,9.017369186,8.686933066,7.504834144,7.480739359,7.695440737,9.843586977,6.675735462,0
Argentina,ARG,IQ-SCI-OVRL,0,0,88.88888889,85.55555556,86.66666667,87.77777778,86.66666667,85.55555556,85.55555556,76.66666667,83.33333333,95.55556667
Argentina,ARG,TG-VAL-TOTL-GD-ZS,11.62272705,18.11904312,30.7226063,30.5130447,31.57149198,25.07990136,27.07298637,28.38737783,24.53206237,25.27990996,25.53662295,0
Argentina,ARG,TT-PRI-MRCH-XD-WD,63.55932203,100,121.9867319,136.079862,169.9395313,141.3192754,148.7352316,175.4203565,177.963224,174.0257503,170.2755484,0
Argentina,ARG,DT-DOD-DECT-CD,0,0,0,0,0,0,0,0,0,0,0,0
Argentina,ARG,DT-TDS-DECT-EX-ZS,0,0,0,0,0,0,0,0,0,0,0,0
Argentina,ARG,SM-POP-NETM,0,0,0,-84998,0,0,0,0,30000,0,0,0
Argentina,ARG,BX-TRF-PWKR-CD-DT,22840000.15,86343658.45,541300000,606430000,697560000,620589349.9,639005839.6,697697825.1,575889669.5,534766019.9,502077244.4,0
Argentina,ARG,BX-KLT-DINV-CD-WD,1836000000,10418314339,5537340000,6473150000,9725560000,4017158925,7845718626,10719930945,15323933917,8916661858,6055282711,0
Argentina,ARG,DT-ODA-ALLD-CD,168740000,52490000,115080000,101340000,130580000,126730000,121040000,88700000,179500000,32500000,49190000,0
Ecuador,ECU,SP-POP-TOTL,10218085,12628596,13967490,14205479,14447600,14691310,14934692,15177280,15419493,15661312,15902916,16144000
Ecuador,ECU,SP-POP-GROW,2.383865872,1.837286377,1.676827584,1.689524886,1.690057554,1.672785172,1.643066624,1.611274402,1.583291544,1.556097917,1.530902125,0
Ecuador,ECU,AG-SRF-TOTL-K2,283560,256370,256370,256370,256370,256370,256370,256370,256370,256370,256370,256370
Ecuador,ECU,EN-POP-DNST,36.90971319,50.84794653,56.2388871,57.19712917,58.17200837,59.15328555,60.13324207,61.11000161,62.08525125,63.05891448,64.03171203,0
Ecuador,ECU,SI-POV-NAHC,0,64.4,37.6,36.7,35.1,36,32.8,28.6,27.3,25.6,22.5,0
Ecuador,ECU,SI-POV-DDAY,0,28.15,9.31,10.06,8.96,8.92,7.05,5.86,5.87,4.43,0,0
Ecuador,ECU,NY-GNP-ATLS-CD,14025773097,19446095330,43594533525,47259892771,56063528205,60038263365,65928948840,74303854391,83362698958,90957824901,96845062542,0
Ecuador,ECU,NY-GNP-PCAP-CD,1370,1540,3120,3330,3880,4090,4410,4900,5410,5810,6090,0
Ecuador,ECU,NY-GNP-MKTP-PP-CD,45427351048,68254141933,1.09E+11,1.14E+11,1.26E+11,1.28E+11,1.35E+11,1.48E+11,1.60E+11,1.69E+11,1.78E+11,0
Ecuador,ECU,NY-GNP-PCAP-PP-CD,4450,5400,7790,8040,8710,8710,9030,9770,10350,10820,11190,0
Ecuador,ECU,SI-DST-FRST-20,0,3.05,3.57,3.31,3.72,3.95,4.1,4.38,4.3,4.56,0,0
Ecuador,ECU,SP-DYN-LE00-IN,68.99536585,72.94417073,74.32021951,74.49502439,74.66782927,74.84460976,75.02980488,75.22643902,75.433,75.6485122,75.8724878,76.10292683
Ecuador,ECU,SP-DYN-TFRT-IN,3.767,3.027,2.763,2.736,2.71,2.684,2.656,2.628,2.599,2.571,2.542,2.513
Ecuador,ECU,SP-ADO-TFRT,86.7772,83.2328,82.9112,83.011,81.8738,80.7366,79.5994,78.4622,77.325,76.7488,76.1726,0
Ecuador,ECU,SP-DYN-CONU-ZS,0,0,0,0,0,0,0,0,80.1,0,0,0
Ecuador,ECU,SH-STA-BRTC-ZS,0,0,0,0,0,0,0,90.5,0,0,93.7,0
Ecuador,ECU,SH-DYN-MORT,56.9,34.4,28.3,27.5,26.8,26,25.2,24.5,23.7,23,22.3,21.6
Ecuador,ECU,SH-STA-MALN-ZS,0,0,0,0,0,0,0,0,6.400000095,0,0,0
Ecuador,ECU,SH-IMM-MEAS,60,99,97,98,98,97,95,94,96,97,85,0
Ecuador,ECU,SE-PRM-CMPT-ZS,0,96.84329,100.61106,100.60688,0,0,100.86143,107.93887,111.85759,112.88042,112.56042,0
Ecuador,ECU,SE-PRM-ENRR,123.52008,111.32613,111.63374,112.93363,0,110.77579,115.61833,117.19892,116.9833,115.82084,113.27226,0
Ecuador,ECU,SE-SEC-ENRR,58.34104,57.84692,64.19695,65.91542,0,0,83.51436,83.46509,85.45839,102.06477,104.20374,0
Ecuador,ECU,SE-ENR-PRSC-FM-ZS,0,1.00151,1.00145,1.0021,0,0,1.00535,1.005,1.00664,1.02513,1.02019,0
Ecuador,ECU,SH-DYN-AIDS-ZS,0.1,0.4,0.4,0.3,0.3,0.3,0.3,0.3,0.3,0.3,0.3,0
Ecuador,ECU,AG-LND-FRST-K2,146308.5,137289.2,132565,131777.6,130990.3,130202.9,129415.6,128628.2,127840.8,127053.5,126266.1,125478.8
Ecuador,ECU,ER-PTD-TOTL-ZS,14.64,15.31,0,0,0,0,0,0,0,0,15.43,0
Ecuador,ECU,ER-H2O-FWTL-ZS,0,0,0,2.241862568,0,0,0,0,0,0,2.241862568,0
Ecuador,ECU,SH-H2O-SAFE-ZS,73.8,79.7,82.8,83.3,83.9,84.4,84.9,85.4,85.9,86.4,86.9,86.9
Ecuador,ECU,SH-STA-ACSN,57,69.7,76.4,77.4,78.5,79.6,80.7,81.7,82.8,83.8,84.7,84.7
Ecuador,ECU,SP-URB-GROW,3.79512513,2.674963759,1.993933607,2.007242949,2.005158797,1.985293716,1.954603377,1.921855399,1.905580796,1.888408156,1.874714552,0
Ecuador,ECU,EG-USE-PCAP-KG-OE,619.4925957,698.0762549,786.7704219,833.2035829,854.2717822,895.8721857,919.4224427,934.3776355,943.7548952,979.7547613,0,0
Ecuador,ECU,EN-ATM-CO2E-PC,1.647588271,1.658318708,2.066175813,2.203997908,2.064521305,2.355257087,2.293303404,2.354017387,0,0,0,0
Ecuador,ECU,EG-USE-ELEC-KH-PC,481.3034928,637.521384,868.158846,958.9257779,1083.986268,1111.201111,1143.779865,1217.345928,1281.559647,1333.157784,0,0
Ecuador,ECU,NY-GDP-MKTP-CD,15239278100,18327764882,46802044000,51007777000,61762635000,62519686000,69555367000,79276664000,87924544000,94776170000,1.01E+11,0
Ecuador,ECU,NY-GDP-MKTP-KD-ZG,3.679914053,1.091801564,4.403526434,2.190063972,6.3571306,0.566491592,3.525298669,7.868140919,5.641962067,4.553575531,3.67498214,0
Ecuador,ECU,NY-GDP-DEFL-KD-ZG,5.813629203,-7.714066764,8.000910822,6.650502273,13.8473189,0.655537559,7.46507997,5.662656747,4.985253061,3.097976236,2.705288964,0
Ecuador,ECU,NV-AGR-TOTL-ZS,21.42761954,16.33739326,9.895465882,9.837194744,9.298670237,10.50300123,10.18039244,9.944893408,9.061708768,9.052629793,9.129299635,0
Ecuador,ECU,NV-IND-TOTL-ZS,29.87176692,35.65336645,35.64199745,36.23170445,39.32763604,34.34378282,36.31989643,38.98218249,39.58701262,39.15011669,39.09433167,0
Ecuador,ECU,NV-SRV-TETC-ZS,48.70061354,48.00924029,54.46253667,53.93110081,51.37369372,55.15321595,53.49971113,51.07292411,51.35127861,51.79725351,51.77636869,0
Ecuador,ECU,NE-EXP-GNFS-ZS,22.76437202,32.12753529,30.33307477,31.93176797,34.16363955,25.24910794,27.89495597,31.1211998,30.16480927,29.16933128,28.56925565,0
Ecuador,ECU,NE-IMP-GNFS-ZS,21.83054027,27.33716401,29.37670842,30.65537045,33.89330782,26.85574109,32.40828274,33.36903909,31.58630314,31.5206544,30.10658561,0
Ecuador,ECU,NE-GDI-TOTL-ZS,24.07200302,21.27872101,22.45981393,22.70482793,26.38750759,25.63926505,28.03731307,28.14239888,27.79583594,28.76249167,28.63910487,0
Ecuador,ECU,GC-REV-XGRT-GD-ZS,9.782055155,0,0,0,0,0,0,0,0,0,0,0
Ecuador,ECU,GC-BAL-CASH-GD-ZS,1.969541306,0,0,0,0,0,0,0,0,0,0,0
Ecuador,ECU,IC-REG-DURS,0,0,65,65,65,64,56,55.5,55.5,55.5,55.5,50.5
Ecuador,ECU,FS-AST-DOMS-GD-ZS,10.52891452,30.58268478,18.96085991,21.53877437,20.59172184,19.81514744,24.00806594,24.99872318,27.92014285,29.56253672,31.6785994,0
Ecuador,ECU,GC-TAX-TOTL-GD-ZS,9.585101024,0,0,0,0,0,0,0,0,0,0,0
Ecuador,ECU,MS-MIL-XPND-GD-ZS,1.326157813,1.452075953,2.029825877,2.56823582,2.665041736,3.117418088,3.010551292,3.095110057,2.945452865,2.958259444,2.895754162,0
Ecuador,ECU,IT-CEL-SETS-P2,0,3.847519769,60.50592352,69.66428675,80.51374955,89.7355484,98.53115831,100.5655994,106.2255329,105.6444776,103.8991648,0
Ecuador,ECU,IT-NET-USER-P2,0,1.462188536,7.2,10.8,18.8,24.6,29.03,31.36680836,35.13514645,40.35368423,43,0
Ecuador,ECU,TX-VAL-TECH-MF-ZS,0.319342187,5.616494513,7.874568789,6.167897261,4.181276173,4.019531247,8.427203622,3.228655116,2.478433581,4.356496728,4.759808548,0
Ecuador,ECU,IQ-SCI-OVRL,0,0,86.66666667,86.66666667,84.44444444,84.44444444,82.22222222,82.22222222,71.11111111,70,70,72.22226667
Ecuador,ECU,TG-VAL-TOTL-GD-ZS,30.0211071,47.18524084,53.07802369,55.3140377,60.99198342,46.31012382,54.74886359,58.98326272,56.00452929,54.85973742,52.98568857,0
Ecuador,ECU,TT-PRI-MRCH-XD-WD,114.2857143,100,125.7128347,135.5727698,158.5946132,134.195441,157.8769895,178.5337766,181.2118095,183.7951558,181.742606,0
Ecuador,ECU,DT-DOD-DECT-CD,12162489000,13329122000,17393170000,17863110000,15812998000,13259193000,14958833000,16489934000,16938322000,20286949000,26332952000,0
Ecuador,ECU,DT-TDS-DECT-EX-ZS,33.21031336,30.54086389,29.41867672,22.71483977,11.07099725,30.02076739,9.064205138,9.726488275,9.817400356,11.23691791,13.77060811,0
Ecuador,ECU,SM-POP-NETM,0,0,0,-44999,0,0,0,0,-38001,0,0,0
Ecuador,ECU,BX-TRF-PWKR-CD-DT,51000000,1322301025,2933808811,3341337813,3088633129,2742436211,2599027039,2680596331,2476225962,2458803089,2472449389,0
Ecuador,ECU,BX-KLT-DINV-CD-WD,126000000,-23439367.91,271428852.5,193872526.9,1056888020,307960890.1,165320320.4,643709358.7,567035300.9,732016206.3,773101946.1,0
Ecuador,ECU,DT-ODA-ALLD-CD,159320000,146140000,187770000,217290000,230610000,207850000,147240000,161020000,147900000,147150000,160380000,0
Venezuela- RB,VEN,SP-POP-TOTL,19861959,24481477,27221228,27670659,28116716,28558607,28995745,29427631,29854238,30276045,30693827,31108000
Venezuela- RB,VEN,SP-POP-GROW,2.413846283,1.889030862,1.67483125,1.637549983,1.599166499,1.559408686,1.519073331,1.478496783,1.43927434,1.402999946,1.370475368,0
Venezuela- RB,VEN,AG-SRF-TOTL-K2,912050,912050,912050,912050,912050,912050,912050,912050,912050,912050,912050,912050
Venezuela- RB,VEN,EN-POP-DNST,22.51795136,27.75520322,30.86132079,31.37085086,31.87655575,32.37753755,32.87313077,33.36276968,33.84642367,34.32463579,34.79828468,0
Venezuela- RB,VEN,SI-POV-NAHC,0,46.3,36.3,33.6,32.6,31.8,32.5,31.6,25.4,32.1,0,0
Venezuela- RB,VEN,SI-POV-DDAY,0,0,9.24,0,0,0,0,0,0,0,0,0
Venezuela- RB,VEN,NY-GNP-ATLS-CD,50751049556,99738901186,1.65E+11,2.08E+11,2.60E+11,2.90E+11,3.34E+11,3.47E+11,3.73E+11,0,0,0
Venezuela- RB,VEN,NY-GNP-PCAP-CD,2560,4070,6050,7520,9230,10150,11530,11790,12500,0,0,0
Venezuela- RB,VEN,NY-GNP-MKTP-PP-CD,1.82E+11,2.76E+11,4.01E+11,4.56E+11,4.85E+11,4.67E+11,4.63E+11,4.89E+11,5.24E+11,5.36E+11,0,0
Venezuela- RB,VEN,NY-GNP-PCAP-PP-CD,9190,11290,14750,16480,17230,16350,15970,16620,17540,17700,0,0
Venezuela- RB,VEN,SI-DST-FRST-20,0,0,3.18,0,0,0,0,0,0,0,0,0
Venezuela- RB,VEN,SP-DYN-LE00-IN,69.82860976,72.34612195,73.30104878,73.38890244,73.4762439,73.568,73.67160976,73.79165854,73.92573171,74.07441463,74.23619512,74.40960976
Venezuela- RB,VEN,SP-DYN-TFRT-IN,3.448,2.822,2.595,2.562,2.531,2.501,2.472,2.444,2.417,2.391,2.365,2.34
Venezuela- RB,VEN,SP-ADO-TFRT,97.059,88.9982,83.6358,82.554,82.2228,81.8916,81.5604,81.2292,80.898,80.2826,79.6672,0
Venezuela- RB,VEN,SP-DYN-CONU-ZS,0,0,0,0,0,0,0,0,0,0,0,0
Venezuela- RB,VEN,SH-STA-BRTC-ZS,0,94,0,0,0,0,0,0,96,0,0,0
Venezuela- RB,VEN,SH-DYN-MORT,29.6,21.7,17.9,17.4,17.1,16.8,16.6,16.4,16.1,15.7,15.3,14.9
Venezuela- RB,VEN,SH-STA-MALN-ZS,6.699999809,3.900000095,3.900000095,3.700000048,3.200000048,2.900000095,0,0,0,0,0,0
Venezuela- RB,VEN,SH-IMM-MEAS,61,84,82,87,93,87,79,86,87,85,89,0
Venezuela- RB,VEN,SE-PRM-CMPT-ZS,78.95549,81.92593,93.64343,95.73083,93.57685,93.6521,92.52151,93.91329,95.27824,95.31894,96.24232,0
Venezuela- RB,VEN,SE-PRM-ENRR,105.8525,99.28468,102.73016,104.61711,101.92826,102.24411,101.67858,101.44112,101.53069,102.03063,100.845,0
Venezuela- RB,VEN,SE-SEC-ENRR,55.49662,59.32583,75.61009,78.14587,79.91281,80.89369,80.94776,82.06468,84.39415,92.12468,91.61128,0
Venezuela- RB,VEN,SE-ENR-PRSC-FM-ZS,0,1.04656,1.03038,1.02566,1.02165,1.01843,1.01843,1.01939,1.02265,1.02681,1.01838,0
Venezuela- RB,VEN,SH-DYN-AIDS-ZS,0.1,0.3,0.5,0.5,0.5,0.5,0.5,0.5,0.6,0.6,0.6,0
Venezuela- RB,VEN,AG-LND-FRST-K2,520260,491510,476714,476298,475882,475466,475050,473406,471762,470118,468474,466830
Venezuela- RB,VEN,ER-PTD-TOTL-ZS,26.9,36.67,0,0,0,0,0,0,0,0,36.69,0
Venezuela- RB,VEN,ER-H2O-FWTL-ZS,0,0,0,2.811180124,0,0,0,0,0,0,2.811180124,0
Venezuela- RB,VEN,SH-H2O-SAFE-ZS,88.8,91.1,92.1,92.2,92.4,92.5,92.7,92.8,92.9,93.1,93.1,93.1
Venezuela- RB,VEN,SH-STA-ACSN,82.1,88.3,91.2,91.7,92.1,92.6,93,93.5,94,94.4,94.4,94.4
Venezuela- RB,VEN,SP-URB-GROW,2.950379569,2.268241718,1.722244928,1.683810814,1.645409051,1.605628392,1.565271051,1.524672597,1.485429987,1.451382245,1.423336201,0
Venezuela- RB,VEN,EG-USE-PCAP-KG-OE,1993.132702,2094.341326,2304.311179,2096.724621,2307.745328,2276.799915,2496.242983,2283.491661,2447.284134,2271.187535,0,0
Venezuela- RB,VEN,EN-ATM-CO2E-PC,6.150573466,6.226034565,6.227287358,5.868518021,6.6048923,6.525292813,6.811756484,6.416333581,0,0,0,0
Venezuela- RB,VEN,EG-USE-ELEC-KH-PC,2449.05349,2636.11546,2958.426416,2973.004727,3071.802553,3033.866463,3134.425413,3196.893423,3249.789862,3245.073787,0,0
Venezuela- RB,VEN,NY-GDP-MKTP-CD,47027508385,1.17E+11,1.83E+11,2.30E+11,3.16E+11,3.29E+11,3.94E+11,3.16E+11,3.81E+11,0,0,0
Venezuela- RB,VEN,NY-GDP-MKTP-KD-ZG,6.467940756,3.686944167,9.872149109,8.753463385,5.277965858,-3.202302657,-1.488791251,4.176425359,5.625956975,1.343094036,-4,0
Venezuela- RB,VEN,NY-GDP-DEFL-KD-ZG,41.74065726,29.45282511,17.90431555,15.44870883,30.13219239,7.83166636,45.9432687,28.14919095,14.05943006,35.50267463,0,0
Venezuela- RB,VEN,NV-AGR-TOTL-ZS,5.466066,4.210018277,3.977649831,4.125018548,4.444210091,6.128733756,5.791328358,5.432203664,5.471007935,0,0,0
Venezuela- RB,VEN,NV-IND-TOTL-ZS,60.5607966,49.67352354,56.48375514,53.30814814,54.09088371,44.17495606,52.15558721,52.69964761,49.25311954,0,0,0
Venezuela- RB,VEN,NV-SRV-TETC-ZS,33.9731374,46.11645818,39.53859502,42.56673162,41.46484894,49.69624116,42.05305773,0,0,0,0,0
Venezuela- RB,VEN,NE-EXP-GNFS-ZS,39.45002349,29.74421966,36.51862161,31.13050959,30.82166901,18.07151887,28.53040699,29.94301461,26.17101425,24.76497831,0,0
Venezuela- RB,VEN,NE-IMP-GNFS-ZS,20.18408598,18.11300189,22.14696995,25.06853305,21.00734337,20.44941079,17.60648654,19.69510699,24.23255313,29.51278295,0,0
Venezuela- RB,VEN,NE-GDI-TOTL-ZS,10.21993532,24.17039199,26.92191284,30.34000975,26.82612588,25.79694602,21.97165797,23.07239708,26.59674445,27.26895329,0,0
Venezuela- RB,VEN,GC-REV-XGRT-GD-ZS,24.46008612,21.17891211,0,0,0,0,0,0,0,0,0,0
Venezuela- RB,VEN,GC-BAL-CASH-GD-ZS,3.037658014,-1.238752656,0,0,0,0,0,0,0,0,0,0
Venezuela- RB,VEN,IC-REG-DURS,0,0,143,142,141,141,141,141,144,144,144,144
Venezuela- RB,VEN,FS-AST-DOMS-GD-ZS,38.64186719,14.90762371,18.42123602,19.94082614,20.18480518,25.90267578,22.50876865,33.65569891,48.34235619,61.92782976,0,0
Venezuela- RB,VEN,GC-TAX-TOTL-GD-ZS,18.10471198,13.28660355,0,0,0,0,0,0,0,0,0,0
Venezuela- RB,VEN,MS-MIL-XPND-GD-ZS,1.568724418,1.526570129,1.633757629,1.289305124,1.370437899,1.220338899,0.853924398,0.753524678,1.302331847,1.430909738,0,0
Venezuela- RB,VEN,IT-CEL-SETS-P2,0.037597287,22.31756703,69.10208356,86.13026924,97.48959044,98.39250828,95.99511185,97.56403127,102.0507277,101.614434,98.95200348,0
Venezuela- RB,VEN,IT-NET-USER-P2,0,3.359597465,15.22471148,20.83,25.88,32.7,37.37,40.22,49.05008307,54.9,57,0
Venezuela- RB,VEN,TX-VAL-TECH-MF-ZS,3.938725197,2.890965786,2.413791343,0,3.471367674,4.177609884,5.052219641,2.79617388,0.001326805,1.130332031,0,0
Venezuela- RB,VEN,IQ-SCI-OVRL,0,0,82.22222222,86.66666667,90,86.66666667,83.33333333,78.88888889,77.77777778,80,81.11111111,82.22223333
Venezuela- RB,VEN,TG-VAL-TOTL-GD-ZS,52.80313768,42.4609585,54.06329825,50.3882918,46.09344302,30.09632297,26.59842861,44.49255095,41.45704311,0,0,0
Venezuela- RB,VEN,TT-PRI-MRCH-XD-WD,89.58333333,100,184.4003451,202.1237763,249.4693572,181.6579634,215.9341082,259.5085093,262.0892183,254.6287873,0,0
Venezuela- RB,VEN,DT-DOD-DECT-CD,0,0,0,0,0,0,0,0,0,0,0,0
Venezuela- RB,VEN,DT-TDS-DECT-EX-ZS,0,0,0,0,0,0,0,0,0,0,0,0
Venezuela- RB,VEN,SM-POP-NETM,0,0,0,-28395,0,0,0,0,-69121,0,0,0
Venezuela- RB,VEN,BX-TRF-PWKR-CD-DT,1000000,17000000,165000000,151000000,137000000,131000000,143000000,138000000,118000000,120000000,121193609,0
Venezuela- RB,VEN,BX-KLT-DINV-CD-WD,451000000,4701000000,198000000,2517000000,1258000000,-2553000000,1903000000,3889000000,2199000000,6927000000,0,0
Venezuela- RB,VEN,DT-ODA-ALLD-CD,76360000,76060000,62930000,77760000,59220000,66340000,52570000,46470000,48060000,35160000,40630000,0
Peru,PER,SP-POP-TOTL,21826658,25914875,27949958,28292768,28642048,29001563,29373644,29759891,30158768,30565461,30973148,31377000
Peru,PER,SP-POP-GROW,2.119753186,1.37377566,1.222296627,1.219052737,1.226962363,1.247387717,1.274808461,1.306373763,1.331414618,1.339495248,1.32499896,0
Peru,PER,AG-SRF-TOTL-K2,1285220,1285220,1285220,1285220,1285220,1285220,1285220,1285220,1285220,1285220,1285220,1285220
Peru,PER,EN-POP-DNST,17.05207656,20.24599609,21.83590469,22.103725,22.3766,22.65747109,22.94815938,23.24991484,23.5615375,23.87926641,24.19777188,0
Peru,PER,SI-POV-NAHC,0,0,49.2,42.4,37.3,33.5,30.8,27.8,25.8,23.9,22.7,0
Peru,PER,SI-POV-DDAY,0,16.5,12.39,10.03,7.94,6.27,4.74,4.35,4.13,3.7,0,0
Peru,PER,NY-GNP-ATLS-CD,19254119836,51066896585,77875892480,89879541487,1.08E+11,1.14E+11,1.29E+11,1.45E+11,1.70E+11,1.90E+11,1.97E+11,0
Peru,PER,NY-GNP-PCAP-CD,880,1970,2790,3180,3760,3920,4380,4870,5650,6230,6360,0
Peru,PER,NY-GNP-MKTP-PP-CD,74295945750,1.30E+11,1.88E+11,2.10E+11,2.36E+11,2.41E+11,2.63E+11,2.85E+11,3.12E+11,3.39E+11,3.54E+11,0
Peru,PER,NY-GNP-PCAP-PP-CD,3400,5010,6710,7420,8240,8310,8950,9570,10330,11080,11440,0
Peru,PER,SI-DST-FRST-20,0,3.37,3.32,3.33,3.7,3.94,4.24,4.31,4.28,4.43,0,0
Peru,PER,SP-DYN-LE00-IN,65.53043902,70.50743902,72.74343902,72.99695122,73.22502439,73.43614634,73.63980488,73.84497561,74.05765854,74.28385366,74.52553659,74.78073171
Peru,PER,SP-DYN-TFRT-IN,3.828,2.929,2.648,2.616,2.59,2.566,2.545,2.525,2.504,2.48,2.455,2.427
Peru,PER,SP-ADO-TFRT,70.7978,65.1004,56.0584,54.698,54.1862,53.6744,53.1626,52.6508,52.139,50.9086,49.6782,0
Peru,PER,SP-DYN-CONU-ZS,0,68.9,71.3,0,72.4,73.2,74.4,75.4,75.5,74,74.6,0
Peru,PER,SH-STA-BRTC-ZS,0,62.5,74.7,0,82.1,82.5,83.8,85,86.7,0,90,0
Peru,PER,SH-DYN-MORT,79.7,38.6,25.9,24.5,23.2,22.1,21,20,19.1,18.3,17.5,16.9
Peru,PER,SH-STA-MALN-ZS,0,5.199999809,0,0,4.5,4.300000191,4.300000191,4.199999809,3.5,0,0,0
Peru,PER,SH-IMM-MEAS,64,97,93,92,92,91,94,96,94,85,89,0
Peru,PER,SE-PRM-CMPT-ZS,0,101.27117,103.60966,105.8739,104.8812,101.93184,103.35593,99.77302,94.00992,95.14899,95.90559,0
Peru,PER,SE-PRM-ENRR,117.77061,121.2999,116.80022,116.51686,112.89144,111.10479,110.36508,107.35672,101.44142,103.1087,101.4221,0
Peru,PER,SE-SEC-ENRR,67.08959,84.69558,88.07086,90.51896,91.04757,93.40124,94.70003,95.20703,93.43105,97.89767,95.62184,0
Peru,PER,SE-ENR-PRSC-FM-ZS,0,0.97016,1.0019,1.00408,1.00806,1.00328,1.00821,1.00333,0.99022,0.99718,0.99915,0
Peru,PER,SH-DYN-AIDS-ZS,0.6,0.6,0.5,0.4,0.4,0.4,0.4,0.4,0.4,0.4,0.4,0
Peru,PER,AG-LND-FRST-K2,779210,761470,753846,752412,750978,749544,748110,746434,744758,743082,741406,739730
Peru,PER,ER-PTD-TOTL-ZS,3.02,4.58,0,0,0,0,0,0,0,0,19.37,0
Peru,PER,ER-H2O-FWTL-ZS,0,0,0,0,0,0,0,0,0.832419257,0,0.832419257,0
Peru,PER,SH-H2O-SAFE-ZS,74.3,79.8,82.8,83.3,83.7,84.2,84.6,85,85.5,85.9,86.3,86.7
Peru,PER,SH-STA-ACSN,52.8,62.9,68.5,69.4,70.3,71.2,72,72.9,73.7,74.6,75.4,76.2
Peru,PER,SP-URB-GROW,2.704907919,1.938052671,1.736738317,1.724264126,1.72569645,1.731893384,1.747871746,1.765566667,1.779488929,1.774026631,1.74871175,0
Peru,PER,EG-USE-PCAP-KG-OE,445.9805528,471.6082173,473.9727695,506.6331438,524.9312479,576.6840566,654.019263,692.7881221,715.61398,708.3306547,0,0
Peru,PER,EN-ATM-CO2E-PC,0.969896124,1.169087406,1.254522601,1.527183943,1.441345465,1.771065546,1.969722449,1.783233144,0,0,0,0
Peru,PER,EG-USE-ELEC-KH-PC,546.3502475,680.1885018,887.6220852,968.1272614,1039.45081,1040.633569,1094.314345,1241.671214,1211.322691,1269.766551,0,0
Peru,PER,NY-GDP-MKTP-CD,25710059622,50980861887,87862091339,1.02E+11,1.22E+11,1.21E+11,1.49E+11,1.71E+11,1.93E+11,2.02E+11,2.03E+11,0
Peru,PER,NY-GDP-MKTP-KD-ZG,-4.982563536,2.694311073,7.528816844,8.518441947,9.143148205,1.04923237,8.45074688,6.452215996,5.950346345,5.770368132,2.35025371,0
Peru,PER,NY-GDP-DEFL-KD-ZG,6261.239559,3.763042887,8.291916816,2.392885553,1.944673847,1.562127742,6.008539289,5.166309438,2.111900776,1.468224657,3.021954609,0
Peru,PER,NV-AGR-TOTL-ZS,0,8.980931528,7.378362551,7.311615977,7.734000105,7.887719041,7.208705016,7.507562745,7.447478565,0,0,0
Peru,PER,NV-IND-TOTL-ZS,0,31.58861116,39.28544652,41.10665061,39.19187643,36.974595,38.41332552,38.94672482,36.79027485,0,0,0
Peru,PER,NV-SRV-TETC-ZS,0,59.43045731,53.33619093,51.58105126,53.07412346,55.13768596,54.37796947,53.54571243,55.76224659,0,0,0
Peru,PER,NE-EXP-GNFS-ZS,16.1251811,16.78706963,29.9721131,30.49845683,28.39296226,25.18603059,26.55976037,29.65525315,27.13245892,24.12713798,22.39869499,0
Peru,PER,NE-IMP-GNFS-ZS,14.1474782,18.79189815,20.85866832,23.37748522,28.0726406,21.23251294,23.45253605,25.58641496,25.14136323,24.71124908,23.92147942,0
Peru,PER,NE-GDI-TOTL-ZS,13.88020562,18.39726317,19.19363431,22.26753527,27.46828639,20.8565553,25.174742,25.73309576,26.19634521,27.792943,26.1748762,0
Peru,PER,GC-REV-XGRT-GD-ZS,12.80800929,18.21590844,20.12109528,20.97070947,20.97366724,18.90387772,20.14540204,20.94398212,21.50503847,0,0,0
Peru,PER,GC-BAL-CASH-GD-ZS,-8.295029311,-2.148235501,1.919204301,1.791637276,2.116053616,-1.140899171,0.500512507,1.31514556,2.031903748,0,0,0
Peru,PER,IC-REG-DURS,0,0,74,74,66.5,40.5,27,26,26,26,26,26
Peru,PER,FS-AST-DOMS-GD-ZS,20.66546669,27.16993642,15.30591899,16.87773425,19.66722211,19.74789139,18.73805327,19.19233165,18.44282333,22.06032142,24.82052099,0
Peru,PER,GC-TAX-TOTL-GD-ZS,11.01600787,12.797573,15.80929517,16.4074684,16.37340057,14.41246892,15.35934689,16.07745518,16.54033548,0,0,0
Peru,PER,MS-MIL-XPND-GD-ZS,2.743338648,1.788969095,1.38565069,1.196397798,1.138713563,1.421482301,1.316841608,1.187281626,1.234128972,1.465725251,1.445637024,0
Peru,PER,IT-CEL-SETS-P2,0.007578529,4.899434925,32.53576937,54.42326978,73.19257415,85.36705031,99.49532906,109.6118145,98.00011004,98.08298127,103.6106575,0
Peru,PER,IT-NET-USER-P2,0,3.076430611,20.7,25.2,30.57,31.4,34.77,36.01,38.2,39.2,40.2,0
Peru,PER,TX-VAL-TECH-MF-ZS,0,4.376922513,2.717487193,2.50898344,2.747279926,3.464901876,6.585287534,6.218855148,3.48299745,3.580817823,3.846673323,0
Peru,PER,IQ-SCI-OVRL,0,0,80,78.88888889,80,81.11111111,81.11111111,81.11111111,83.33333333,88.88888889,98.88888889,93.33333333
Peru,PER,TG-VAL-TOTL-GD-ZS,22.80819293,28.33023897,44.54897241,47.4322922,50.15232897,40.24613892,44.32577698,49.32044907,46.54609802,42.5225725,40.31287946,0
Peru,PER,TT-PRI-MRCH-XD-WD,114.1414141,100,171.0926248,186.4097297,178.1058627,173.1584685,214.3867169,242.9979297,232.6521338,217.5194292,205.9010517,0
Peru,PER,DT-DOD-DECT-CD,20292433000,28812916000,29294277000,32239017000,34719590000,37389856000,42153894000,45012108000,54149551000,56661391000,66468654000,0
Peru,PER,DT-TDS-DECT-EX-ZS,11.05448436,27.940799,13.13473793,27.86190858,14.56012025,13.42564569,16.71847252,7.870618121,11.33887426,14.01516187,10.86619264,0
Peru,PER,SM-POP-NETM,0,0,0,-489999,0,0,0,0,-240000,0,0,0
Peru,PER,BX-TRF-PWKR-CD-DT,87000000,717663818.4,1837494274,2130814663,2443644585,2408698137,2533910907,2696961723,2787954663,2707246390,2638979869,0
Peru,PER,BX-KLT-DINV-CD-WD,41000000,809696760,3466531061,5490961307,6923651285,6430652961,8454627588,7664946687,11917886685,9297768037,7884539124,0
Peru,PER,DT-ODA-ALLD-CD,397080000,396840000,463440000,307030000,463020000,441170000,-299530000,598970000,385340000,359790000,324830000,0
Colombia,COL,SP-POP-TOTL,34271563,40403959,43835744,44374647,44901660,45416276,45918101,46406446,46881018,47342363,47791393,48229000
Colombia,COL,SP-POP-GROW,1.906270026,1.457658322,1.262870976,1.22187352,1.180647228,1.139577789,1.098885362,1.057897537,1.017448805,0.979265829,0.944004218,0
Colombia,COL,AG-SRF-TOTL-K2,1141750,1141750,1141750,1141750,1141750,1141750,1141750,1141750,1141748,1141749,1141749,1141749
Colombia,COL,EN-POP-DNST,30.88919603,36.41636683,39.50945831,39.9951753,40.47017575,40.9340027,41.38630104,41.82644975,42.25418477,42.6699982,43.07471203,0
Colombia,COL,SI-POV-NAHC,0,0,0,0,42,40.3,37.2,34.1,32.7,30.6,28.5,27.8
Colombia,COL,SI-POV-DDAY,0,15.87,20.71,17.39,10.71,9.28,8.06,6.58,7.09,6.12,0,0
Colombia,COL,NY-GNP-ATLS-CD,41685437782,93539833747,1.50E+11,1.80E+11,2.09E+11,2.31E+11,2.54E+11,2.87E+11,3.35E+11,3.68E+11,3.81E+11,0
Colombia,COL,NY-GNP-PCAP-CD,1220,2320,3430,4070,4660,5090,5540,6180,7140,7770,7970,0
Colombia,COL,NY-GNP-MKTP-PP-CD,1.58E+11,2.60E+11,3.79E+11,4.15E+11,4.37E+11,4.49E+11,4.71E+11,5.09E+11,5.42E+11,5.79E+11,6.17E+11,0
Colombia,COL,NY-GNP-PCAP-PP-CD,4620,6440,8640,9350,9740,9890,10260,10970,11560,12240,12910,0
Colombia,COL,SI-DST-FRST-20,0,1.9,2.19,2.42,2.93,3.06,3.19,3.35,3.29,3.35,0,0
Colombia,COL,SP-DYN-LE00-IN,68.29719512,70.98870732,72.49143902,72.7055122,72.90717073,73.09695122,73.27785366,73.45480488,73.63078049,73.80973171,73.99314634,74.18202439
Colombia,COL,SP-DYN-TFRT-IN,2.994,2.389,2.157,2.118,2.08,2.044,2.01,1.978,1.948,1.922,1.897,1.875
Colombia,COL,SP-ADO-TFRT,79.8848,85.107,68.2118,63.685,62.4794,61.2738,60.0682,58.8626,57.657,54.6654,51.6738,0
Colombia,COL,SP-DYN-CONU-ZS,66.1,76.9,0,0,0,0,79.1,0,0,0,0,0
Colombia,COL,SH-STA-BRTC-ZS,80.6,88.3,0,0,0,0,95.6,99.3,99.3,99.05,0,0
Colombia,COL,SH-DYN-MORT,35.1,25.1,20.9,20.3,19.7,19.1,18.5,18,17.4,16.9,16.4,15.9
Colombia,COL,SH-STA-MALN-ZS,0,4.900000095,0,0,0,0,3.400000095,0,0,0,0,0
Colombia,COL,SH-IMM-MEAS,82,88,95,93,95,89,88,88,94,92,91,0
Colombia,COL,SE-PRM-CMPT-ZS,71.6812,94.98594,115.74593,118.5662,119.1839,124.105,0,0,0,0,0,0
Colombia,COL,SE-PRM-ENRR,101.68601,120.91094,128.71629,129.41521,129.49889,129.68515,0,0,0,0,0,0
Colombia,COL,SE-SEC-ENRR,0,69.93158,87.77696,91.60233,93.97066,99.23594,0,0,0,0,0,0
Colombia,COL,SE-ENR-PRSC-FM-ZS,0,1.03794,1.04253,1.0463,1.04366,1.04635,0,0,0,0,0,0
Colombia,COL,SH-DYN-AIDS-ZS,0.1,0.5,0.5,0.5,0.4,0.4,0.4,0.4,0.4,0.4,0.4,0
Colombia,COL,AG-LND-FRST-K2,644170,617984.4,598881.5,595749.4,592617.4,589485.3,586353.2,586086,585818.9,585551.7,585284.6,585017.4
Colombia,COL,ER-PTD-TOTL-ZS,11.58,12.34,0,0,0,0,0,0,0,0,17.37,0
Colombia,COL,ER-H2O-FWTL-ZS,0,0,0,0,0,0,0,0,0.548717949,0,0.548717949,0
Colombia,COL,SH-H2O-SAFE-ZS,88.4,89.9,90.6,90.7,90.8,90.9,91,91.1,91.2,91.3,91.3,91.4
Colombia,COL,SH-STA-ACSN,69,74.6,77.5,78,78.4,78.9,79.3,79.8,80.2,80.6,81.1,81.1
Colombia,COL,SP-URB-GROW,2.676701696,1.885904954,1.662986872,1.617700566,1.57222645,1.526954044,1.482101435,1.436995963,1.3911477,1.348936606,1.309689608,0
Colombia,COL,EG-USE-PCAP-KG-OE,706.7843681,638.8858082,649.3758609,637.5107615,659.610246,676.0428574,679.5303665,673.4343113,673.8293098,668.504126,0,0
Colombia,COL,EN-ATM-CO2E-PC,1.673025884,1.433620205,1.435823423,1.406899642,1.451147307,1.484764251,1.711390678,1.560629099,0,0,0,0
Colombia,COL,EG-USE-ELEC-KH-PC,841.8641426,829.398921,947.1266189,974.385216,974.2178797,1049.976004,1077.984475,1121.395937,1149.953698,1177.106432,0,0
Colombia,COL,NY-GDP-MKTP-CD,40274204595,99886577576,1.63E+11,2.07E+11,2.44E+11,2.34E+11,2.87E+11,3.35E+11,3.70E+11,3.80E+11,3.78E+11,0
Colombia,COL,NY-GDP-MKTP-KD-ZG,6.042038478,4.419993,6.697515258,6.900627655,3.546804886,1.651549245,3.971800705,6.589511516,4.043943806,4.936289501,4.552500992,0
Colombia,COL,NY-GDP-DEFL-KD-ZG,26.10513922,31.76134759,5.775091062,5.039757332,7.555699507,3.407906932,3.856258895,6.725211717,2.988986956,1.897796826,1.826110832,0
Colombia,COL,NV-AGR-TOTL-ZS,16.74809279,8.949563115,8.085936494,7.829878875,7.515543386,7.466255037,7.098480371,6.848857138,6.326706233,5.960695318,6.27599761,0
Colombia,COL,NV-IND-TOTL-ZS,37.88955007,29.42246382,33.79623406,33.69277052,35.48748207,34.49736659,34.95747643,37.57691743,37.78516743,37.19615792,36.00826452,0
Colombia,COL,NV-SRV-TETC-ZS,45.36235714,61.62797307,58.11782945,58.47735061,56.99697454,58.03637837,57.94404319,55.57422543,55.88812634,56.84314676,57.71573787,0
Colombia,COL,NE-EXP-GNFS-ZS,20.56542915,15.91513972,17.63749746,16.53923243,17.78948399,16.03080966,15.93598373,18.7361065,18.25876189,17.61531389,16.03830976,0
Colombia,COL,NE-IMP-GNFS-ZS,14.82095023,16.75194575,20.53644458,19.79066142,20.26257741,18.24919201,17.76486262,19.9327627,20.0373359,20.22084964,21.4378855,0
Colombia,COL,NE-GDI-TOTL-ZS,18.50394236,14.89562703,22.40308624,23.02701173,23.48720128,22.44004225,22.12620476,23.87634015,23.85252318,24.1685756,25.95205726,0
Colombia,COL,GC-REV-XGRT-GD-ZS,0,15.49435003,0,0,21.74031471,20.82183933,21.54021864,23.45899961,26.42536167,25.55009981,0,0
Colombia,COL,GC-BAL-CASH-GD-ZS,0,-3.122294428,0,0,-5.805391061,-7.265037748,-4.681888068,-1.330603893,2.51624805,-5.50365197,0,0
Colombia,COL,IC-REG-DURS,0,0,41,40,34,18,10,10,11,11,11,11
Colombia,COL,FS-AST-DOMS-GD-ZS,36.44643828,30.38358428,51.68353286,52.56956375,55.47651849,62.00724235,65.98855726,65.1436764,69.57470856,69.84241187,71.05902123,0
Colombia,COL,GC-TAX-TOTL-GD-ZS,0,11.21975465,0,0,12.93561089,12.59804283,12.12291356,14.5554015,13.27213319,13.3548701,0,0
Colombia,COL,MS-MIL-XPND-GD-ZS,2.209794859,3.031683539,3.276130639,3.266739663,3.709744276,3.863294541,3.631148564,3.072783411,3.166777069,3.289935896,3.136009691,0
Colombia,COL,IT-CEL-SETS-P2,0,5.656428656,67.88728318,76.27493489,91.61012359,92.04640981,95.76455258,98.13425332,102.8549384,104.0845439,113.0811454,0
Colombia,COL,IT-NET-USER-P2,0,2.207532993,15.34167454,21.8,25.6,30,36.5,40.35091575,48.98,51.7,52.57,0
Colombia,COL,TX-VAL-TECH-MF-ZS,0,7.740420729,4.075887763,2.909197078,3.723762877,5.220021659,5.056319809,4.327384992,5.189986574,7.393976584,7.711730243,0
Colombia,COL,IQ-SCI-OVRL,0,0,75.55555556,85.55555556,82.22222222,85.55555556,84.44444444,84.44444444,84.44444444,81.11111111,81.11111111,84.44443333
Colombia,COL,TG-VAL-TOTL-GD-ZS,30.67968722,24.60690975,31.09238303,30.31989096,31.68044293,28.12000181,27.9420944,33.13729447,32.23852908,31.10135165,31.45653906,0
Colombia,COL,TT-PRI-MRCH-XD-WD,81.25,100,117.6054621,129.5018097,137.4537107,130.9083778,149.4330043,167.7031418,167.7030686,161.1432537,145.9209946,0
Colombia,COL,DT-DOD-DECT-CD,17404181000,33231065000,37636042000,43421210000,46270701000,53054461000,63819389000,73582484000,76557950000,89264623000,1.02E+11,0
Colombia,COL,DT-TDS-DECT-EX-ZS,43.32630179,29.79613265,33.33586085,23.05834761,17.18858494,21.60406763,20.2665308,15.12665423,21.17883253,14.01779115,19.47109099,0
Colombia,COL,SM-POP-NETM,0,0,0,-143000,0,0,0,0,-144998,0,0,0
Colombia,COL,BX-TRF-PWKR-CD-DT,495000000,1610122925,3899159914,4460194477,4826851232,4124862554,4030846326,4101315891,4018674668,4449831680,4165731073,0
Colombia,COL,BX-KLT-DINV-CD-WD,500000000,2436459923,6750618035,8885767540,10564672091,8034594780,6429943091,14647755354,15039372277,16208664127,16151013402,0
Colombia,COL,DT-ODA-ALLD-CD,88540000,185940000,1005240000,722780000,972010000,1059450000,674700000,1013780000,762970000,854090000,1221310000,0
Mexico,MEX,SP-POP-TOTL,85609404,102808590,111382857,113139374,114972821,116815612,118617542,120365271,122070963,123740109,125385833,127017000
Mexico,MEX,SP-POP-GROW,2.014994081,1.511256292,1.478745671,1.564702817,1.607530437,1.590096455,1.530765872,1.462665986,1.407149514,1.358093141,1.321217635,0
Mexico,MEX,AG-SRF-TOTL-K2,1964380,1964380,1964380,1964380,1964380,1964380,1964380,1964380,1964380,1964380,1964380,1964380
Mexico,MEX,EN-POP-DNST,44.03889195,52.88643741,57.29718203,58.20076339,59.14391883,60.09188096,61.01882353,61.9178842,62.79532035,63.65395663,64.50054425,0
Mexico,MEX,SI-POV-NAHC,0,0,0,0,49,0,52,0,51.6,0,53.2,0
Mexico,MEX,SI-POV-DDAY,0,11,3.29,0,3.8,0,3.8,0,2.68,0,0,0
Mexico,MEX,NY-GNP-ATLS-CD,2.36E+11,5.91E+11,9.22E+11,1.00E+12,1.07E+12,9.89E+11,1.03E+12,1.07E+12,1.17E+12,1.20E+12,1.24E+12,0
Mexico,MEX,NY-GNP-PCAP-CD,2750,5750,8280,8840,9350,8460,8650,8870,9560,9720,9870,0
Mexico,MEX,NY-GNP-MKTP-PP-CD,4.98E+11,1.04E+12,1.43E+12,1.52E+12,1.61E+12,1.60E+12,1.71E+12,1.86E+12,1.94E+12,1.94E+12,2.11E+12,0
Mexico,MEX,NY-GNP-PCAP-PP-CD,5820,10090,12860,13400,14020,13680,14420,15450,15910,15680,16840,0
Mexico,MEX,SI-DST-FRST-20,0,3.89,4.72,0,4.76,0,4.72,0,4.86,0,0,0
Mexico,MEX,SP-DYN-LE00-IN,70.79573171,74.29973171,75.43878049,75.58792683,75.73246341,75.87741463,76.02678049,76.18565854,76.35409756,76.53265854,76.72185366,76.92068293
Mexico,MEX,SP-DYN-TFRT-IN,3.478,2.747,2.483,2.447,2.415,2.385,2.356,2.328,2.3,2.272,2.243,2.213
Mexico,MEX,SP-ADO-TFRT,83.3132,79.6914,72.2838,71.174,70.1332,69.0924,68.0516,67.0108,65.97,64.7146,63.4592,0
Mexico,MEX,SP-DYN-CONU-ZS,0,70,70.9,0,0,72.5,0,0,0,0,0,0
Mexico,MEX,SH-STA-BRTC-ZS,83.8,0,93.4,93.7,0,95.3,94.08,0,96,0,0,0
Mexico,MEX,SH-DYN-MORT,46.6,25.6,18.9,18.4,17.9,17.4,16.8,16,15.3,14.5,13.8,13.2
Mexico,MEX,SH-STA-MALN-ZS,0,0,3.400000095,0,0,0,0,0,2.799999952,0,0,0
Mexico,MEX,SH-IMM-MEAS,75,96,96,96,96,96,95,98,99,89,97,0
Mexico,MEX,SE-PRM-CMPT-ZS,86.66276,95.0646,97.11737,97.02297,95.40584,92.98161,92.57442,92.60792,98.85065,102.82186,0,0
Mexico,MEX,SE-PRM-ENRR,110.74988,106.2462,101.7455,101.63245,101.85312,102.90728,103.40654,104.03604,104.65144,104.32491,0,0
Mexico,MEX,SE-SEC-ENRR,52.67737,69.91109,80.90894,81.81571,83.25813,82.57072,83.18589,83.52263,85.09176,87.03738,0,0
Mexico,MEX,SE-ENR-PRSC-FM-ZS,0.96801,0.99969,1.02902,1.03028,1.03239,1.0339,1.03189,1.02977,1.02916,1.02584,0,0
Mexico,MEX,SH-DYN-AIDS-ZS,0.7,0.5,0.3,0.3,0.3,0.3,0.3,0.3,0.2,0.2,0.2,0
Mexico,MEX,AG-LND-FRST-K2,697600,678560,669660,668490,667320,666150,664980,664064,663148,662232,661316,660400
Mexico,MEX,ER-PTD-TOTL-ZS,1,3.62,0,0,0,0,0,0,0,0,6.02,0
Mexico,MEX,ER-H2O-FWTL-ZS,0,0,0,19.30317848,0,0,0,0,19.63325183,0,19.63325183,0
Mexico,MEX,SH-H2O-SAFE-ZS,82.3,88.6,92,92.5,93,93.6,94.1,94.6,95.1,95.6,96.1,96.1
Mexico,MEX,SH-STA-ACSN,66.2,74.7,79.4,80.1,80.9,81.6,82.3,83,83.7,84.4,85.1,85.2
Mexico,MEX,SP-URB-GROW,2.665390736,1.888026767,1.882866549,1.963296404,2.001951045,1.97781012,1.914410624,1.838444399,1.776420486,1.719651069,1.676408223,0
Mexico,MEX,EG-USE-PCAP-KG-OE,1430.93851,1408.555297,1534.152863,1551.289784,1572.878889,1500.42484,1486.027151,1525.352699,1545.498334,1545.775453,1510.119193,0
Mexico,MEX,EN-ATM-CO2E-PC,3.671223269,3.720588299,3.99784272,4.055762037,4.126988108,3.857149599,3.752090816,3.876107611,0,0,0,0
Mexico,MEX,EG-USE-ELEC-KH-PC,1161.975149,1717.444038,1877.560027,1905.7468,1908.346669,1863.535158,1903.984825,2074.244489,2037.24124,2056.964408,0,0
Mexico,MEX,NY-GDP-MKTP-CD,2.63E+11,6.84E+11,9.65E+11,1.04E+12,1.10E+12,8.93E+11,1.05E+12,1.17E+12,1.18E+12,1.26E+12,1.29E+12,0
Mexico,MEX,NY-GDP-MKTP-KD-ZG,5.068306312,5.296473838,4.944514348,3.22483782,1.379943167,-4.743671936,5.199124892,3.919583933,4.038885998,1.394899589,2.230794662,0
Mexico,MEX,NY-GDP-DEFL-KD-ZG,28.13049291,10.81753925,6.182909313,4.966826874,6.057788577,3.401186146,4.461735755,5.37086206,3.210193487,1.645042013,4.70900497,0
Mexico,MEX,NV-AGR-TOTL-ZS,7.847876909,3.535313249,3.195204692,3.286625276,3.290992534,3.345433808,3.344919598,3.195881595,3.345075291,3.279145764,3.299385836,0
Mexico,MEX,NV-IND-TOTL-ZS,28.41850191,34.85800986,36.42921266,36.11245836,36.55585103,34.35281582,35.12826668,36.38089834,36.41679827,34.48321362,34.38146952,0
Mexico,MEX,NV-SRV-TETC-ZS,63.73362118,61.60667689,60.37558265,60.60091637,60.15315644,62.30175037,61.52681372,60.42322006,60.23812644,62.23764061,62.31914464,0
Mexico,MEX,NE-EXP-GNFS-ZS,18.60079267,26.27670441,27.60109258,27.74981082,27.89817823,27.32867145,29.90588229,31.31313662,32.70279037,31.85667813,32.39246643,0
Mexico,MEX,NE-IMP-GNFS-ZS,19.7053901,26.85434685,28.85400305,29.33391889,30.17290794,28.80521058,31.11049418,32.56293781,33.82317876,32.74594996,33.46475121,0
Mexico,MEX,NE-GDI-TOTL-ZS,23.14161522,22.50547109,23.50747969,23.39973891,24.43629603,22.94737106,22.08123566,22.29476284,23.09188353,21.71869704,21.59766686,0
Mexico,MEX,GC-REV-XGRT-GD-ZS,15.33027213,12.53994689,0,0,0,0,0,0,0,0,0,0
Mexico,MEX,GC-BAL-CASH-GD-ZS,-2.545143216,-0.995374334,0,0,0,0,0,0,0,0,0,0
Mexico,MEX,IC-REG-DURS,0,0,0,0,0,0,0,0,0,6.3,6.3,6.3
Mexico,MEX,FS-AST-DOMS-GD-ZS,37.34496246,29.00035564,34.39986063,36.95383187,37.0154074,43.1715994,44.45932631,44.93480739,46.73544899,49.60404452,50.18465442,0
Mexico,MEX,GC-TAX-TOTL-GD-ZS,11.7826895,9.912547863,0,0,0,0,0,0,0,0,0,0
Mexico,MEX,MS-MIL-XPND-GD-ZS,0.505212146,0.486084986,0.422933908,0.458222969,0.448540521,0.543506098,0.561677834,0.553411822,0.58917498,0.622638757,0.669147316,0
Mexico,MEX,IT-CEL-SETS-P2,0.074266061,13.55289414,49.40875353,58.62729509,65.49948112,71.45817512,77.51826326,79.24118294,83.35070827,87.26062913,82.22000923,0
Mexico,MEX,IT-NET-USER-P2,0,5.081384153,19.52,20.81,21.71,26.34,31.05,37.17629541,39.75,43.46,44.39,0
Mexico,MEX,TX-VAL-TECH-MF-ZS,8.429322322,22.45135077,18.98140785,17.17706,15.72923353,18.1761875,16.93780936,16.50981631,16.33506619,15.92476176,15.9921956,0
Mexico,MEX,IQ-SCI-OVRL,0,0,68.88888889,70,76.66666667,80,85.55555556,88.88888889,87.77777778,87.77777778,85.55555556,92.22223333
Mexico,MEX,TG-VAL-TOTL-GD-ZS,32.07303444,50.58615438,53.19036407,53.88305042,55.35114989,52.74722759,57.95746203,60.77132663,63.4123955,61.24422202,62.49272132,0
Mexico,MEX,TT-PRI-MRCH-XD-WD,102.1505376,100,106.4071233,106.4071622,98.81985652,97.07373661,99.03725483,99.55671478,97.5656158,99.66474082,97.1731432,0
Mexico,MEX,DT-DOD-DECT-CD,1.05E+11,1.52E+11,1.71E+11,1.96E+11,1.98E+11,1.93E+11,2.46E+11,2.92E+11,3.49E+11,4.06E+11,4.33E+11,0
Mexico,MEX,DT-TDS-DECT-EX-ZS,21.76717232,31.58132255,20.09789404,12.7981663,11.11402295,12.63654965,10.07714427,11.20718835,17.67429055,10.09642142,12.2091635,0
Mexico,MEX,SM-POP-NETM,0,0,0,-409596,0,0,0,0,-523585,0,0,0
Mexico,MEX,BX-TRF-PWKR-CD-DT,3098000000,7524542969,26542811528,26879863160,26041489182,22075734995,22080259157,23588480056,23365990957,23432844108,24462290757,0
Mexico,MEX,BX-KLT-DINV-CD-WD,2549000000,18110008381,20900571420,32320063590,28793309430,17756282520,26168229630,23328272040,19491663030,44885843190,24154173750,0
Mexico,MEX,DT-ODA-ALLD-CD,156250000,-57780000,269810000,113390000,149140000,184460000,470480000,970230000,416730000,561460000,806700000,0
Chile,CHL,SP-POP-TOTL,13141202,15170387,16279728,16462701,16645940,16829957,17015048,17201305,17388437,17575833,17762647,17948000
Chile,CHL,SP-POP-GROW,1.631900464,1.25970166,1.131438488,1.117662374,1.106906629,1.099411039,1.093767575,1.088712405,1.082019205,1.071938836,1.057293581,0
Chile,CHL,AG-SRF-TOTL-K2,756096,756096,756096,756096,756096,756096,756096,756096,756096,756096,756096,756096
Chile,CHL,EN-POP-DNST,17.67402344,20.40313934,21.89512758,22.14121383,22.38765783,22.63514818,22.884083,23.134586,23.38626582,23.63830071,23.88955284,0
Chile,CHL,SI-POV-NAHC,38.6,20.2,29.1,0,0,25.3,0,22.2,0,14.4,0,0
Chile,CHL,SI-POV-DDAY,7.92,3.11,1.66,0,0,1.72,0,1.3,0,0.92,0,0
Chile,CHL,NY-GNP-ATLS-CD,29642336646,76111106954,1.20E+11,1.44E+11,1.69E+11,1.69E+11,1.84E+11,2.12E+11,2.49E+11,2.68E+11,2.65E+11,0
Chile,CHL,NY-GNP-PCAP-CD,2260,5020,7360,8740,10140,10030,10800,12350,14350,15270,14910,0
Chile,CHL,NY-GNP-MKTP-PP-CD,54687246720,1.44E+11,2.24E+11,2.47E+11,2.54E+11,2.55E+11,2.90E+11,3.29E+11,3.56E+11,3.62E+11,3.79E+11,0
Chile,CHL,NY-GNP-PCAP-PP-CD,4160,9490,13780,15020,15260,15180,17020,19140,20460,20580,21320,0
Chile,CHL,SI-DST-FRST-20,3.36,3.68,4.24,0,0,4.3,0,4.52,0,4.63,0,0
Chile,CHL,SP-DYN-LE00-IN,72.67878049,76.82082927,78.97917073,79.31353659,79.64090244,79.96080488,80.27580488,80.58697561,80.89485366,81.19792683,81.49619512,81.78756098
Chile,CHL,SP-DYN-TFRT-IN,2.501,2.073,1.91,1.887,1.865,1.844,1.824,1.806,1.789,1.774,1.761,1.749
Chile,CHL,SP-ADO-TFRT,64.4216,57.0052,53.0388,52.685,52.012,51.339,50.666,49.993,49.32,48.7144,48.1088,0
Chile,CHL,SP-DYN-CONU-ZS,56,0,64.2,0,0,0,0,0,0,0,0,0
Chile,CHL,SH-STA-BRTC-ZS,0,0,99.8,99.7,99.85,99.8,99.83,99.85,99.83,0,0,0
Chile,CHL,SH-DYN-MORT,19.1,10.9,9,8.9,8.9,8.8,8.8,8.7,8.6,8.4,8.3,8.1
Chile,CHL,SH-STA-MALN-ZS,0,0,0.600000024,0.600000024,0.5,0,0,0,0,0.5,0.5,0
Chile,CHL,SH-IMM-MEAS,97,97,91,92,96,93,93,91,90,90,94,0
Chile,CHL,SE-PRM-CMPT-ZS,0,0,0,0,0,0,0,95.823,97.79994,96.6214,0,0
Chile,CHL,SE-PRM-ENRR,107.39701,108.93113,108.99105,109.12132,108.75788,106.75618,103.28513,102.19705,101.7256,100.18808,0,0
Chile,CHL,SE-SEC-ENRR,77.19227,87.10048,98.33355,97.66158,97.04611,94.21283,94.57371,93.78813,91.46589,100.45767,0,0
Chile,CHL,SE-ENR-PRSC-FM-ZS,0.99847,0.98277,0.98072,0.98227,0.98234,0.98597,0.99811,0.99845,1.002,0.99206,0,0
Chile,CHL,SH-DYN-AIDS-ZS,0.2,0.2,0.2,0.2,0.3,0.3,0.3,0.3,0.3,0.3,0.3,0
Chile,CHL,AG-LND-FRST-K2,152630,158340,160798,161176,161554,161932,162310,165318,168326,171334,174342,177350
Chile,CHL,ER-PTD-TOTL-ZS,3,3.17,0,0,0,0,0,0,0,0,6.85,0
Chile,CHL,ER-H2O-FWTL-ZS,0,0,0,4.003389831,0,0,0,0,0,0,4.003389831,0
Chile,CHL,SH-H2O-SAFE-ZS,90.4,94.9,97,97.3,97.6,97.9,98.2,98.5,98.7,99,99,99
Chile,CHL,SH-STA-ACSN,84.8,91.7,95.4,96,96.6,97.1,97.7,98.3,98.8,99,99,99.1
Chile,CHL,SP-URB-GROW,1.785733337,1.603017732,1.41236884,1.38756562,1.367014891,1.348660008,1.33223887,1.318737048,1.302522513,1.28410315,1.260060977,0
Chile,CHL,EG-USE-PCAP-KG-OE,1066.063439,1659.005469,1813.512855,1860.100174,1822.003504,1754.169663,1812.961444,1953.897161,2139.763971,2201.175614,2186.636823,0
Chile,CHL,EN-ATM-CO2E-PC,2.535133011,3.876961939,3.98128427,4.35156491,4.316439805,3.969434147,4.24672531,4.61644538,0,0,0,0
Chile,CHL,EG-USE-ELEC-KH-PC,1250.190051,2527.621741,3237.216248,3353.155718,3350.787039,3307.554499,3316.182241,3590.308991,3810.118184,3878.905768,0,0
Chile,CHL,NY-GDP-MKTP-CD,31558927517,79328640264,1.55E+11,1.73E+11,1.80E+11,1.72E+11,2.18E+11,2.51E+11,2.65E+11,2.77E+11,2.58E+11,0
Chile,CHL,NY-GDP-MKTP-KD-ZG,3.697579901,4.495792997,4.40497269,5.1608256,3.292454897,-1.036431779,5.753708903,5.839640585,5.457130617,4.226190625,1.894049024,0
Chile,CHL,NY-GDP-DEFL-KD-ZG,22.45925927,10.27822143,12.80967491,4.843753607,0.473025338,3.842248928,8.829907485,3.267606913,0.850030553,1.895055759,5.414917924,0
Chile,CHL,NV-AGR-TOTL-ZS,8.708563911,5.89506754,3.867738464,3.692403642,3.629118956,3.565942072,3.464359597,3.583293401,3.21282157,3.232508852,3.33539754,0
Chile,CHL,NV-IND-TOTL-ZS,41.46296265,32.16978626,44.90538299,43.69501867,38.49335457,38.02325349,39.55004421,38.71906466,36.63884386,35.09718335,35.14019034,0
Chile,CHL,NV-SRV-TETC-ZS,49.82847344,61.9351462,51.22687854,52.61257769,57.87752647,58.41080444,56.98559619,57.69764194,60.14833457,61.6703078,61.52441212,0
Chile,CHL,NE-EXP-GNFS-ZS,33.98603476,29.28715138,42.43382995,43.82695987,41.50668497,37.17091116,38.0598806,38.05062218,34.30717321,32.40698268,33.77774634,0
Chile,CHL,NE-IMP-GNFS-ZS,30.54966907,28.57804633,29.51092389,31.96091285,39.53469629,29.59753857,31.66941778,34.89657778,34.50554917,33.06321126,32.29440917,0
Chile,CHL,NE-GDI-TOTL-ZS,25.18263533,22.73939018,21.11168586,21.22641463,25.95907018,20.28333768,22.2861684,23.72630855,25.53295921,24.29372742,21.41171056,0
Chile,CHL,GC-REV-XGRT-GD-ZS,19.77766914,20.50288162,24.45921345,26.02459769,24.50644825,19.05493993,21.50720488,22.69637232,22.2669273,21.04299345,0,0
Chile,CHL,GC-BAL-CASH-GD-ZS,0.341498262,-1.448629844,6.676568078,7.694595528,3.821268884,-4.921548621,-0.424083875,1.292263727,0.545375913,-0.606616191,0,0
Chile,CHL,IC-REG-DURS,0,0,40,40,40,40,34.5,7.5,5.5,5.5,5.5,5.5
Chile,CHL,FS-AST-DOMS-GD-ZS,70.1839692,69.94248586,78.72039576,85.26376144,102.709695,105.7344671,104.7757006,109.2441442,113.1186382,115.6391702,120.2833239,0
Chile,CHL,GC-TAX-TOTL-GD-ZS,13.96306161,15.85384157,19.50665249,20.31834185,18.71309071,14.55962757,17.43624297,18.96572659,19.13027425,17.49447409,0,0
Chile,CHL,MS-MIL-XPND-GD-ZS,3.268443557,2.652054546,2.411660704,2.286882789,2.530689754,2.186766649,2.163718471,2.168819381,2.064675294,2.049108831,1.98689098,0
Chile,CHL,IT-CEL-SETS-P2,0.105350944,22.01007195,75.43868865,83.7200337,87.91177733,96.81312008,115.7513836,128.9269073,137.0811793,134.2890529,133.2556288,0
Chile,CHL,IT-NET-USER-P2,0,16.6,34.49775117,35.9,37.3,41.56,45,52.24960729,61.41815456,66.5,72.35,0
Chile,CHL,TX-VAL-TECH-MF-ZS,4.682247302,3.406050313,6.389554888,6.785042503,5.884394185,5.372514142,5.493881818,4.604655384,4.642983994,4.912490984,6.174828804,5.898681249
Chile,CHL,IQ-SCI-OVRL,0,0,91.11111111,94.44444444,92.22222222,92.22222222,94.44444444,94.44444444,94.44444444,95.55555556,95.55555556,95.55556667
Chile,CHL,TG-VAL-TOTL-GD-ZS,51.06003679,47.54524958,62.76948642,66.52101827,70.8678396,57.14698402,59.90484917,62.24584946,59.51931716,56.28490748,57.28630244,0
Chile,CHL,TT-PRI-MRCH-XD-WD,113.7254902,100,162.0491598,161.6898695,131.4116288,125.9302048,157.2481925,152.1446838,142.1501656,136.6481603,135.4507674,0
Chile,CHL,DT-DOD-DECT-CD,0,0,0,0,0,0,0,0,0,0,0,0
Chile,CHL,DT-TDS-DECT-EX-ZS,0,0,0,0,0,0,0,0,0,0,0,0
Chile,CHL,SM-POP-NETM,0,0,0,139345,0,0,0,0,201289,0,0,0
Chile,CHL,BX-TRF-PWKR-CD-DT,400000.006,13300000.19,2500000,2500000,2500000,4400000,0,0,170264684.5,136789078.1,136351353,0
Chile,CHL,BX-KLT-DINV-CD-WD,661200000,4860015668,7298382454,12533639353,15149843109,12887480299,15725203486,23443915104,28457041225,19263785706,22001682014,0
Chile,CHL,DT-ODA-ALLD-CD,103540000,48880000,101390000,104900000,107850000,78720000,197380000,164290000,124980000,79140000,240560000,0
